<?xml version="1.0"?>
<!--<!DOCTYPE metadata SYSTEM "http://www.esri.com/metadata/esriprof80.dtd">-->
<metadata xml:lang="en"><Esri><CreaDate>20140325</CreaDate><CreaTime>11483800</CreaTime><SyncOnce>FALSE</SyncOnce><SyncDate>20120308</SyncDate><SyncTime>19182000</SyncTime><ModDate>20120308</ModDate><ModTime>19182000</ModTime><DataProperties><lineage><Process ToolSource="D:\Program Files\ArcGIS\ArcToolbox\Toolboxes\Analysis Tools.tbx\Union" Date="20120308" Time="171508">Union "Viginia_valeriae_to_cut #;Virginia_valeriae_USA #" "G:\Anat\Phd backup\North America\Viginia_valeriae_Union.shp" ALL # GAPS</Process><Process ToolSource="D:\Program Files\ArcGIS\ArcToolbox\Toolboxes\Data Management Tools.tbx\DeleteField" Date="20120308" Time="171659">DeleteField Viginia_valeriae_Union FID_Virgin;ID_NO;BINOMIAL;PRESENCE;ORIGIN;SEASONAL;COMPILER;YEAR;CITATION;SOURCE_1;DIST_COMM;ISLAND;SUBSPECI_1;SUBPOP;TAX_COMMEN;SHAPE_area;SHAPE_len Viginia_valeriae_Union</Process><Process ToolSource="D:\Program Files\ArcGIS\ArcToolbox\Toolboxes\Data Management Tools.tbx\Dissolve" Date="20120308" Time="171738">Dissolve Viginia_valeriae_Union "G:\Anat\Phd backup\North America\Virginia valeriae final.shp" FID;Id;Mapfile;BasemapID;Genus;Species;Subspecies;Source;DigitID;DigitDate;Confidence;Precision;DataType;Notes # MULTI_PART DISSOLVE_LINES</Process><Process ToolSource="D:\Program Files\ArcGIS\ArcToolbox\Toolboxes\Data Management Tools.tbx\Merge" Date="20120308" Time="191822">Merge 'Virginia valeriae final';Virginia_pulchra;Rhadinaea_flavilata_final;Pantherophis_obsoletus_final;'Pantherophis spiloides final';Crotalus_mitcheli_USA_new;Crotalus_stephensi_USA;Tantilla_cucullata;Regina_grahami;Masticophis_Coluber_new_name;have_for_Peter "G:\Anat\Phd backup\North America\USA_maps_080312.shp" "Id 'Id' true true false 6 Long 0 6 ,First,#,Virginia valeriae final,Id,-1,-1,Virginia_pulchra,Id,-1,-1,Pantherophis spiloides final,Id,-1,-1,Crotalus_mitcheli_USA_new,Id,-1,-1,Crotalus_stephensi_USA,Id,-1,-1,Tantilla_cucullata,Id,-1,-1,Regina_grahami,Id,-1,-1,Masticophis_Coluber_new_name,Id,-1,-1,have_for_Peter,Id,-1,-1;Mapfile 'Mapfile' true true false 50 Text 0 0 ,First,#,Virginia valeriae final,Mapfile,-1,-1,Virginia_pulchra,Mapfile,-1,-1,Pantherophis spiloides final,Mapfile,-1,-1,Crotalus_mitcheli_USA_new,Mapfile,-1,-1,Crotalus_stephensi_USA,Mapfile,-1,-1,Tantilla_cucullata,Mapfile,-1,-1,Regina_grahami,Mapfile,-1,-1,Masticophis_Coluber_new_name,Mapfile,-1,-1,have_for_Peter,Mapfile,-1,-1;BasemapID 'BasemapID' true true false 50 Text 0 0 ,First,#,Virginia valeriae final,BasemapID,-1,-1,Virginia_pulchra,BasemapID,-1,-1,Pantherophis spiloides final,BasemapID,-1,-1,Crotalus_mitcheli_USA_new,BasemapID,-1,-1,Crotalus_stephensi_USA,BasemapID,-1,-1,Tantilla_cucullata,BasemapID,-1,-1,Regina_grahami,BasemapID,-1,-1,Masticophis_Coluber_new_name,BasemapID,-1,-1,have_for_Peter,BasemapID,-1,-1;Genus 'Genus' true true false 50 Text 0 0 ,First,#,Virginia valeriae final,Genus,-1,-1,Virginia_pulchra,Genus,-1,-1,Pantherophis spiloides final,Genus,-1,-1,Crotalus_mitcheli_USA_new,Genus,-1,-1,Crotalus_stephensi_USA,Genus,-1,-1,Tantilla_cucullata,Genus,-1,-1,Regina_grahami,Genus,-1,-1,Masticophis_Coluber_new_name,Genus,-1,-1,have_for_Peter,Genus,-1,-1;Species 'Species' true true false 50 Text 0 0 ,First,#,Virginia valeriae final,Species,-1,-1,Virginia_pulchra,Species,-1,-1,Pantherophis spiloides final,Species,-1,-1,Crotalus_mitcheli_USA_new,Species,-1,-1,Crotalus_stephensi_USA,Species,-1,-1,Tantilla_cucullata,Species,-1,-1,Regina_grahami,Species,-1,-1,Masticophis_Coluber_new_name,Species,-1,-1,have_for_Peter,Species,-1,-1;Subspecies 'Subspecies' true true false 50 Text 0 0 ,First,#,Virginia valeriae final,Subspecies,-1,-1,Virginia_pulchra,Subspecies,-1,-1,Pantherophis spiloides final,Subspecies,-1,-1,Crotalus_mitcheli_USA_new,Subspecies,-1,-1,Crotalus_stephensi_USA,Subspecies,-1,-1,Tantilla_cucullata,Subspecies,-1,-1,Regina_grahami,Subspecies,-1,-1,Masticophis_Coluber_new_name,Subspecies,-1,-1,have_for_Peter,Subspecies,-1,-1;Source 'Source' true true false 50 Text 0 0 ,First,#,Virginia valeriae final,Source,-1,-1,Virginia_pulchra,Source,-1,-1,Pantherophis_obsoletus_final,SOURCE,-1,-1,Pantherophis spiloides final,Source,-1,-1,Crotalus_mitcheli_USA_new,Source,-1,-1,Crotalus_stephensi_USA,Source,-1,-1,Tantilla_cucullata,Source,-1,-1,Regina_grahami,Source,-1,-1,Masticophis_Coluber_new_name,Source,-1,-1,have_for_Peter,Source,-1,-1;DigitID 'DigitID' true true false 50 Text 0 0 ,First,#,Virginia valeriae final,DigitID,-1,-1,Virginia_pulchra,DigitID,-1,-1,Pantherophis spiloides final,DigitID,-1,-1,Crotalus_mitcheli_USA_new,DigitID,-1,-1,Crotalus_stephensi_USA,DigitID,-1,-1,Tantilla_cucullata,DigitID,-1,-1,Regina_grahami,DigitID,-1,-1,Masticophis_Coluber_new_name,DigitID,-1,-1,have_for_Peter,DigitID,-1,-1;DigitDate 'DigitDate' true true false 50 Text 0 0 ,First,#,Virginia valeriae final,DigitDate,-1,-1,Virginia_pulchra,DigitDate,-1,-1,Pantherophis spiloides final,DigitDate,-1,-1,Crotalus_mitcheli_USA_new,DigitDate,-1,-1,Crotalus_stephensi_USA,DigitDate,-1,-1,Tantilla_cucullata,DigitDate,-1,-1,Regina_grahami,DigitDate,-1,-1,Masticophis_Coluber_new_name,DigitDate,-1,-1,have_for_Peter,DigitDate,-1,-1;Confidence 'Confidence' true true false 50 Text 0 0 ,First,#,Virginia valeriae final,Confidence,-1,-1,Virginia_pulchra,Confidence,-1,-1,Pantherophis spiloides final,Confidence,-1,-1,Crotalus_mitcheli_USA_new,Confidence,-1,-1,Crotalus_stephensi_USA,Confidence,-1,-1,Tantilla_cucullata,Confidence,-1,-1,Regina_grahami,Confidence,-1,-1,Masticophis_Coluber_new_name,Confidence,-1,-1,have_for_Peter,Confidence,-1,-1;Precision 'Precision' true true false 50 Text 0 0 ,First,#,Virginia valeriae final,Precision,-1,-1,Virginia_pulchra,Precision,-1,-1,Pantherophis spiloides final,Precision,-1,-1,Crotalus_mitcheli_USA_new,Precision,-1,-1,Crotalus_stephensi_USA,Precision,-1,-1,Tantilla_cucullata,Precision,-1,-1,Regina_grahami,Precision,-1,-1,Masticophis_Coluber_new_name,Precision,-1,-1,have_for_Peter,Precision,-1,-1;DataType 'DataType' true true false 50 Text 0 0 ,First,#,Virginia valeriae final,DataType,-1,-1,Virginia_pulchra,DataType,-1,-1,Pantherophis spiloides final,DataType,-1,-1,Crotalus_mitcheli_USA_new,DataType,-1,-1,Crotalus_stephensi_USA,DataType,-1,-1,Tantilla_cucullata,DataType,-1,-1,Regina_grahami,DataType,-1,-1,Masticophis_Coluber_new_name,DataType,-1,-1,have_for_Peter,DataType,-1,-1;Notes 'Notes' true true false 50 Text 0 0 ,First,#,Virginia valeriae final,Notes,-1,-1,Virginia_pulchra,Notes,-1,-1,Pantherophis spiloides final,Notes,-1,-1,Crotalus_mitcheli_USA_new,Notes,-1,-1,Crotalus_stephensi_USA,Notes,-1,-1,Tantilla_cucullata,Notes,-1,-1,Regina_grahami,Notes,-1,-1,Masticophis_Coluber_new_name,Notes,-1,-1,have_for_Peter,Notes,-1,-1;BINOMIAL 'BINOMIAL' true true false 70 Text 0 0 ,First,#,Rhadinaea_flavilata_final,BINOMIAL,-1,-1,Pantherophis_obsoletus_final,BINOMIAL,-1,-1,Tantilla_cucullata,Binomial,-1,-1,Regina_grahami,Binomial,-1,-1,Masticophis_Coluber_new_name,Binomial,-1,-1,have_for_Peter,Binomial,-1,-1;ORIGIN 'ORIGIN' true true false 5 Long 0 5 ,First,#,Rhadinaea_flavilata_final,ORIGIN,-1,-1,Pantherophis_obsoletus_final,ORIGIN,-1,-1;COMPILER 'COMPILER' true true false 200 Text 0 0 ,First,#,Rhadinaea_flavilata_final,COMPILER,-1,-1,Pantherophis_obsoletus_final,COMPILER,-1,-1;YEAR 'YEAR' true true false 5 Long 0 5 ,First,#,Rhadinaea_flavilata_final,YEAR,-1,-1,Pantherophis_obsoletus_final,YEAR,-1,-1;FID_Panthe 'FID_Panthe' true true false 9 Long 0 9 ,First,#,Pantherophis_obsoletus_final,FID_Panthe,-1,-1;FID_Crotal 'FID_Crotal' true true false 9 Long 0 9 ,First,#,Crotalus_mitcheli_USA_new,FID_Crotal,-1,-1"</Process></lineage></DataProperties><ArcGISFormat>1.0</ArcGISFormat></Esri><idinfo><native Sync="TRUE">Microsoft Windows XP Version 5.1 (Build 2600) Service Pack 3; ESRI ArcCatalog 9.3.0.1770</native><descript><langdata Sync="TRUE">en</langdata><abstract>REQUIRED: A brief narrative summary of the data set.</abstract><purpose>REQUIRED: A summary of the intentions with which the data set was developed.</purpose></descript><citation><citeinfo><origin>REQUIRED: The name of an organization or individual that developed the data set.</origin><pubdate>REQUIRED: The date when the data set is published or otherwise made available for release.</pubdate><title Sync="TRUE">USA_maps_080312</title><ftname Sync="TRUE">USA_maps_080312</ftname><geoform Sync="TRUE">vector digital data</geoform><onlink Sync="TRUE">\\HOME-WINDOWS\G\Anat\Phd backup\North America\USA_maps_080312.shp</onlink></citeinfo></citation><timeperd><current>REQUIRED: The basis on which the time period of content information is determined.</current><timeinfo><sngdate><caldate>REQUIRED: The year (and optionally month, or month and day) for which the data set corresponds to the ground.</caldate></sngdate></timeinfo></timeperd><status><progress>REQUIRED: The state of the data set.</progress><update>REQUIRED: The frequency with which changes and additions are made to the data set after the initial data set is completed.</update></status><spdom><bounding><westbc Sync="TRUE">REQUIRED: Western-most coordinate of the limit of coverage expressed in longitude.</westbc><eastbc Sync="TRUE">REQUIRED: Eastern-most coordinate of the limit of coverage expressed in longitude.</eastbc><northbc Sync="TRUE">REQUIRED: Northern-most coordinate of the limit of coverage expressed in latitude.</northbc><southbc Sync="TRUE">REQUIRED: Southern-most coordinate of the limit of coverage expressed in latitude.</southbc></bounding></spdom><keywords><theme><themekt>REQUIRED: Reference to a formally registered thesaurus or a similar authoritative source of theme keywords.</themekt><themekey>REQUIRED: Common-use word or phrase used to describe the subject of the data set.</themekey></theme></keywords><accconst>REQUIRED: Restrictions and legal prerequisites for accessing the data set.</accconst><useconst>REQUIRED: Restrictions and legal prerequisites for using the data set after access is granted.</useconst><natvform Sync="TRUE">Shapefile</natvform></idinfo><dataIdInfo><envirDesc Sync="TRUE">Microsoft Windows XP Version 5.1 (Build 2600) Service Pack 3; ESRI ArcCatalog 9.3.0.1770</envirDesc><dataLang><languageCode Sync="TRUE" value="en"></languageCode></dataLang><idCitation><resTitle Sync="TRUE">USA_maps_080312</resTitle><presForm><PresFormCd Sync="TRUE" value="005"></PresFormCd></presForm></idCitation><spatRpType><SpatRepTypCd Sync="TRUE" value="001"></SpatRepTypCd></spatRpType></dataIdInfo><metainfo><langmeta Sync="TRUE">en</langmeta><metstdn Sync="TRUE">FGDC Content Standards for Digital Geospatial Metadata</metstdn><metstdv Sync="TRUE">FGDC-STD-001-1998</metstdv><mettc Sync="TRUE">local time</mettc><metc><cntinfo><cntorgp><cntper>REQUIRED: The person responsible for the metadata information.</cntper><cntorg>REQUIRED: The organization responsible for the metadata information.</cntorg></cntorgp><cntaddr><addrtype>REQUIRED: The mailing and/or physical address for the organization or individual.</addrtype><city>REQUIRED: The city of the address.</city><state>REQUIRED: The state or province of the address.</state><postal>REQUIRED: The ZIP or other postal code of the address.</postal></cntaddr><cntvoice>REQUIRED: The telephone number by which individuals can speak to the organization or individual.</cntvoice></cntinfo></metc><metd Sync="TRUE">20120308</metd><metextns><onlink Sync="TRUE">http://www.esri.com/metadata/esriprof80.html</onlink><metprof Sync="TRUE">ESRI Metadata Profile</metprof></metextns></metainfo><mdLang><languageCode Sync="TRUE" value="en"></languageCode></mdLang><mdStanName Sync="TRUE">ISO 19115 Geographic Information - Metadata</mdStanName><mdStanVer Sync="TRUE">DIS_ESRI1.0</mdStanVer><mdChar><CharSetCd Sync="TRUE" value="004"></CharSetCd></mdChar><mdHrLv><ScopeCd Sync="TRUE" value="005"></ScopeCd></mdHrLv><mdHrLvName Sync="TRUE">dataset</mdHrLvName><distinfo><resdesc Sync="TRUE">Downloadable Data</resdesc><stdorder><digform><digtinfo><transize Sync="TRUE">0.000</transize><dssize Sync="TRUE">0.000</dssize></digtinfo></digform></stdorder></distinfo><distInfo><distributor><distorTran><onLineSrc><orDesc Sync="TRUE">002</orDesc><linkage Sync="TRUE">file://\\HOME-WINDOWS\G\Anat\Phd backup\North America\USA_maps_080312.shp</linkage><protocol Sync="TRUE">Local Area Network</protocol></onLineSrc><transSize Sync="TRUE">0.000</transSize></distorTran><distorFormat><formatName Sync="TRUE">Shapefile</formatName></distorFormat></distributor></distInfo><spdoinfo><direct Sync="TRUE">Vector</direct><ptvctinf><esriterm Name="USA_maps_080312"><efeatyp Sync="TRUE">Simple</efeatyp><efeageom Sync="TRUE">Polygon</efeageom><esritopo Sync="TRUE">FALSE</esritopo><efeacnt Sync="TRUE">0</efeacnt><spindex Sync="TRUE">FALSE</spindex><linrefer Sync="TRUE">FALSE</linrefer></esriterm><sdtsterm Name="USA_maps_080312"><sdtstype Sync="TRUE">G-polygon</sdtstype><ptvctcnt Sync="TRUE">0</ptvctcnt></sdtsterm></ptvctinf></spdoinfo><spref><horizsys><cordsysn><geogcsn Sync="TRUE">GCS_WGS_1984</geogcsn></cordsysn><geograph><geogunit Sync="TRUE">Decimal degrees</geogunit><latres Sync="TRUE">0.000000</latres><longres Sync="TRUE">0.000000</longres></geograph><geodetic><horizdn Sync="TRUE">D_WGS_1984</horizdn><ellips Sync="TRUE">WGS_1984</ellips><semiaxis Sync="TRUE">6378137.000000</semiaxis><denflat Sync="TRUE">298.257224</denflat></geodetic></horizsys></spref><refSysInfo><RefSystem><refSysID><identCode Sync="TRUE">GCS_WGS_1984</identCode></refSysID></RefSystem></refSysInfo><spatRepInfo><VectSpatRep><topLvl><TopoLevCd Sync="TRUE" value="001"></TopoLevCd></topLvl><geometObjs Name="USA_maps_080312"><geoObjTyp><GeoObjTypCd Sync="TRUE" value="001"></GeoObjTypCd></geoObjTyp><geoObjCnt Sync="TRUE">0</geoObjCnt></geometObjs></VectSpatRep></spatRepInfo><eainfo><detailed Name="USA_maps_080312"><enttyp><enttypl Sync="TRUE">USA_maps_080312</enttypl><enttypt Sync="TRUE">Feature Class</enttypt><enttypc Sync="TRUE">0</enttypc></enttyp><attr><attrlabl Sync="TRUE">FID</attrlabl><attalias Sync="TRUE">FID</attalias><attrtype Sync="TRUE">OID</attrtype><attwidth Sync="TRUE">4</attwidth><atprecis Sync="TRUE">0</atprecis><attscale Sync="TRUE">0</attscale><attrdef Sync="TRUE">Internal feature number.</attrdef><attrdefs Sync="TRUE">ESRI</attrdefs><attrdomv><udom Sync="TRUE">Sequential unique whole numbers that are automatically generated.</udom></attrdomv></attr><attr><attrlabl Sync="TRUE">Shape</attrlabl><attalias Sync="TRUE">Shape</attalias><attrtype Sync="TRUE">Geometry</attrtype><attwidth Sync="TRUE">0</attwidth><atprecis Sync="TRUE">0</atprecis><attscale Sync="TRUE">0</attscale><attrdef Sync="TRUE">Feature geometry.</attrdef><attrdefs Sync="TRUE">ESRI</attrdefs><attrdomv><udom Sync="TRUE">Coordinates defining the features.</udom></attrdomv></attr><attr><attrlabl Sync="TRUE">Id</attrlabl><attalias Sync="TRUE">Id</attalias><attrtype Sync="TRUE">Number</attrtype><attwidth Sync="TRUE">6</attwidth></attr><attr><attrlabl Sync="TRUE">Mapfile</attrlabl><attalias Sync="TRUE">Mapfile</attalias><attrtype Sync="TRUE">String</attrtype><attwidth Sync="TRUE">50</attwidth></attr><attr><attrlabl Sync="TRUE">BasemapID</attrlabl><attalias Sync="TRUE">BasemapID</attalias><attrtype Sync="TRUE">String</attrtype><attwidth Sync="TRUE">50</attwidth></attr><attr><attrlabl Sync="TRUE">Genus</attrlabl><attalias Sync="TRUE">Genus</attalias><attrtype Sync="TRUE">String</attrtype><attwidth Sync="TRUE">50</attwidth></attr><attr><attrlabl Sync="TRUE">Species</attrlabl><attalias Sync="TRUE">Species</attalias><attrtype Sync="TRUE">String</attrtype><attwidth Sync="TRUE">50</attwidth></attr><attr><attrlabl Sync="TRUE">Subspecies</attrlabl><attalias Sync="TRUE">Subspecies</attalias><attrtype Sync="TRUE">String</attrtype><attwidth Sync="TRUE">50</attwidth></attr><attr><attrlabl Sync="TRUE">Source</attrlabl><attalias Sync="TRUE">Source</attalias><attrtype Sync="TRUE">String</attrtype><attwidth Sync="TRUE">50</attwidth></attr><attr><attrlabl Sync="TRUE">DigitID</attrlabl><attalias Sync="TRUE">DigitID</attalias><attrtype Sync="TRUE">String</attrtype><attwidth Sync="TRUE">50</attwidth></attr><attr><attrlabl Sync="TRUE">DigitDate</attrlabl><attalias Sync="TRUE">DigitDate</attalias><attrtype Sync="TRUE">String</attrtype><attwidth Sync="TRUE">50</attwidth></attr><attr><attrlabl Sync="TRUE">Confidence</attrlabl><attalias Sync="TRUE">Confidence</attalias><attrtype Sync="TRUE">String</attrtype><attwidth Sync="TRUE">50</attwidth></attr><attr><attrlabl Sync="TRUE">Precision</attrlabl><attalias Sync="TRUE">Precision</attalias><attrtype Sync="TRUE">String</attrtype><attwidth Sync="TRUE">50</attwidth></attr><attr><attrlabl Sync="TRUE">DataType</attrlabl><attalias Sync="TRUE">DataType</attalias><attrtype Sync="TRUE">String</attrtype><attwidth Sync="TRUE">50</attwidth></attr><attr><attrlabl Sync="TRUE">Notes</attrlabl><attalias Sync="TRUE">Notes</attalias><attrtype Sync="TRUE">String</attrtype><attwidth Sync="TRUE">50</attwidth></attr><attr><attrlabl Sync="TRUE">BINOMIAL</attrlabl><attalias Sync="TRUE">BINOMIAL</attalias><attrtype Sync="TRUE">String</attrtype><attwidth Sync="TRUE">70</attwidth></attr><attr><attrlabl Sync="TRUE">ORIGIN</attrlabl><attalias Sync="TRUE">ORIGIN</attalias><attrtype Sync="TRUE">Number</attrtype><attwidth Sync="TRUE">5</attwidth></attr><attr><attrlabl Sync="TRUE">COMPILER</attrlabl><attalias Sync="TRUE">COMPILER</attalias><attrtype Sync="TRUE">String</attrtype><attwidth Sync="TRUE">200</attwidth></attr><attr><attrlabl Sync="TRUE">YEAR</attrlabl><attalias Sync="TRUE">YEAR</attalias><attrtype Sync="TRUE">Number</attrtype><attwidth Sync="TRUE">5</attwidth></attr><attr><attrlabl Sync="TRUE">FID_Panthe</attrlabl><attalias Sync="TRUE">FID_Panthe</attalias><attrtype Sync="TRUE">Number</attrtype><attwidth Sync="TRUE">9</attwidth></attr><attr><attrlabl Sync="TRUE">FID_Crotal</attrlabl><attalias Sync="TRUE">FID_Crotal</attalias><attrtype Sync="TRUE">Number</attrtype><attwidth Sync="TRUE">9</attwidth></attr></detailed></eainfo><mdDateSt Sync="TRUE">20120308</mdDateSt></metadata>
